{"cameraMode":{"drawMode":0,"name":"Shaded","section":"Shading Mode"},"sceneLighting":true,"audioPlay":false,"sceneViewState":{"showFog":true,"showMaterialUpdate":false,"showSkybox":true,"showFlares":true,"showImageEffects":true,"showParticleSystems":true,"showVisualEffectGraphs":true,"m_FxEnabled":true},"in2DMode":false,"pivot":{"x":-109.39753723144531,"y":127.0946044921875,"z":-38.6180419921875},"rotation":{"x":-0.12405591458082199,"y":-0.04402129352092743,"z":0.0055091469548642639,"w":-0.9912826418876648},"size":233.72808837890626,"orthographic":true}