{"cameraMode":{"drawMode":2,"name":"Shaded Wireframe","section":"Shading Mode"},"sceneLighting":false,"audioPlay":false,"sceneViewState":{"showFog":true,"showMaterialUpdate":false,"showSkybox":false,"showFlares":true,"showImageEffects":true,"showParticleSystems":true,"showVisualEffectGraphs":true,"m_FxEnabled":true},"in2DMode":false,"pivot":{"x":-0.06737327575683594,"y":11.492334365844727,"z":3.955151081085205},"rotation":{"x":0.0009427304612472653,"y":0.9893112778663635,"z":-0.14587606489658357,"w":0.0062264264561235909},"size":28.38606071472168,"orthographic":true}